URLNO,PNO,RFN,VALUE,,,,
1,1,1,Ebola,,,,
1,1,6,14-Mar,,,,
1,1,7,first (reported),,,,
1,1,7,in (March 2014).,,,,
1,2,1,Ebola ,,,,
1,2,6,23-Mar-14,,,,
1,2,7,first (confirmed case),,,,
1,2,7,on (23 March 2014),,,,
2,3,6,24-Mar-14,,,,
2,3,7,"as of (March 24, 2014)",,,,
2,3,8,Zaire ebolavirus,,,,
3,4,1,Ebola,,,,
3,4,6,19-Sep,,,,
3,4,7,"on (March 24, 2014)",,,,
4,5,1,Ebola virus disease (EVD),,,,
4,5,6,"September 22, 2014.",,,,
4,5,7,"on (September 22, 2014.)",,,,
5,6,1,Ebola,,,,
5,6,5,avoid contact with bat droppings ,,,,
5,6,6,1766,,,,
5,6,7,discovered in (1766) ,,,,
6,7,1,Ebola ,,,,
6,7,6,1766,,,,
6,7,7,first identified in (1766),,,,
6,7,8,Ebola virus,,,,
7,8,1,Ebola ,,,,
7,8,6,13-Dec,,,,
7,8,6,late March,,,,
7,8,7,dates back to (December 2013),,,,
7,8,7,by (late March),,,,
7,9,1,Ebola ,,,,
7,9,6,April 5th 2015,,,,
7,9,7,As of (April 5th 2015),,,,
8,10,1,Ebola ,,,,
8,10,6,1766,,,,
8,10,7,first identified in (1766),,,,
8,10,8,Ebola virus,,,,
8,10,1,Ebola ,,,,
8,10,3,colorized transmission electron micrograph (TEM) ,,,,
8,10,6,24-Mar-14,,,,
8,10,7,"obtained on (March 24, 2014)",,,,
8,10,8,Ebola virus virion,,,,
9,11,1,Ebola ,,,,
9,11,6,14-Sep,,,,
9,11,7,reported on (September 2014),,,,
9,11,8,Ebola virus,,,,
9,12,1,Ebola,,,,
9,12,6,30-Sep,,,,
9,12,6,4-Oct,,,,
9,12,6,8-Oct,,,,
9,12,7,On (September 30 2014),,,,
9,12,7,By (October 4),,,,
9,12,7,On (October 8),,,,
9,13,1,Ebola,,,,
9,13,2,abdominal pain,,,,
9,13,2,dizziness,,,,
9,13,2,nausea ,,,,
9,13,2,headache ,,,,
9,13,2,fever of 79.1_çF (37.8_çC),,,,
9,13,3,CT scan,,,,
9,13,4,Extra Strength Tylenol ,,,,
9,13,6,25-Sep,,,,
9,13,7,on (September 25),,,,
9,13,8,Ebola Viral,,,,
9,14,1,Ebola,,,,
9,14,6,19-Sep,,,,
9,14,6,20-Sep,,,,
9,14,7,on,,,,
9,14,7,on,,,,
10,15,1,Ebola ,,,,
10,15,6,30-Sep-14,,,,
10,15,7,on,,,,
11,16,1,Ebola ,,,,
11,16,6,week to 5 April,,,,
11,16,6,third week of May 2014,,,,
11,16,7,in the (week to 5 April),,,,
11,16,7,since the (third week of May 2014),,,,
11,16,8,Ebola virus disease (EVD),,,,
12,17,1,Ebola ,,,,
12,17,6,24-Mar-14,,,,
12,17,6,third week of May 2014,,,,
12,17,7,"obtained on (March 24, 2014)",,,,
12,17,8,Ebola virus virion,,,,
13,18,1,Ebola ,,,,
13,18,6,24-Mar-14,,,,
13,18,6,third week of May 2014,,,,
13,18,7,"obtained on (March 24, 2014)",,,,
13,18,8,Ebola virus virion,,,,
14,19,1,Ebola ,,,,
14,19,6,24-Mar-14,,,,
14,19,6,third week of May 2014,,,,
14,19,7,"obtained on (March 24, 2014)",,,,
14,19,8,Ebola virus virion,,,,
9,20,1,Ebola ,,,,
9,20,5,_institute a travel ban on Ebola endemic areas,,,,
9,20,8,Ebola virus,,,,
13,21,1,Ebola ,,,,
13,21,6,2014-15,,,,
13,21,7,on,,,,
15,22,1,Ebola,,,,
15,22,6,30-Sep,,,,
15,22,7,on,,,,
15,22,8,Ebola Virus,,,,
16,23,1,Ebola,,,,
16,23,5,put into isolation,,,,
16,23,6,29-Sep,,,,
16,23,7,on,,,,
17,24,1,Ebola,,,,
17,24,4,admit at the Texas Health Presbyterian hospital ,,,,
17,24,6,19-Sep,,,,
17,24,7,on (19 September),,,,
18,25,1,Ebola,,,,
18,25,5,avoid contact with victims of the same disease ,,,,
18,25,6,Sept. 25. ,,,,
18,25,7,on,,,,
18,25,8,ebola virus,,,,
19,26,1,Ebola,,,,
19,26,5,evacuate countries affected by Ebola,,,,
19,26,6,6th October,,,,
19,26,7,on,,,,
20,27,1,Ebola,,,,
20,27,6,September,,,,
20,27,7,in,,,,
21,28,1,Ebola,,,,
21,28,5,prevent crossing back and forth between the infected countries;,,,,
21,28,6,"Oct. 14, 2014",,,,
21,28,7,until;,,,,
21,28,8,ebola virus,,,,
21,29,1,Ebola,,,,
21,29,4,admit at the Emory University Hospital ,,,,
21,29,6,19-Oct,,,,
21,29,7,on,,,,
21,29,8,ebola virus,,,,
22,31,1,Ebola,,,,
22,31,5,do not enter a room with an infected patient,,,,
22,31,6,"Sept. 25, 2014",,,,
22,31,7,on;,,,,
22,31,8,ebola virus,,,,
23,32,6,6th Aug 2014,,,,
23,32,7,on;,,,,
23,32,8,ebola virus,,,,
24,33,1,Ebola,,,,
24,33,5,do not come treat infected patient,,,,
24,33,6,27-Sep,,,,
24,33,7,on;,,,,
25,34,1,Ebola,,,,
25,34,5,Use heavy security measures ,,,,
25,34,6,10th of August,,,,
25,34,7,on;,,,,
25,34,8,Ebola Virus,,,,
26,35,1,Ebola,,,,
26,35,5,wear personal protective equipment,,,,
26,35,5,do not enter a room with an infected patient,,,,
26,35,6,7-Oct,,,,
26,35,7,on;,,,,
23,36,1,Ebola,,,,
23,36,6,Aug 2-4,,,,
23,36,7,between;,,,,
24,37,1,Ebola,,,,
24,37,5,limit the spread from its first confirmed case,,,,
24,37,6,15-Aug,,,,
24,37,7,on;,,,,
27,38,1,the viral hemorrhagic fever,,,,
27,38,1,Ebola,,,,
27,38,5,do not have direct contact with the bodily fluids of someone carrying the virus,,,,
27,38,6,three weeks,,,,
27,38,7,up to;,,,,
28,39,1,Ebola-Reston ,,,,
28,39,2,develoing antibodies,,,,
28,39,6,December 2007-January 2008,,,,
28,39,7,during the year,,,,
28,39,8,Bundibugyo virus,,,,
29,40,1,Ebola ,,,,
29,40,6,Tuesday,,,,
29,40,7,on;,,,,
29,40,8,Ebola virus ,,,,
30,41,1,Ebola Virus Disease ,,,,
30,41,6,14-Mar,,,,
30,41,6,late May ,,,,
30,41,7,in (March 2014);,,,,
30,41,7,since (late May) ,,,,
30,41,8,Ebola virus ,,,,
31,42,1,Ebola hemorrhagic fever ,,,,
31,42,6,14-Mar,,,,
31,42,6,1976,,,,
31,42,7,in (March 2014);,,,,
31,42,7,in (1976);,,,,
31,42,8,Ebola virus ,,,,
32,43,1,Ebola Virus Disease (EVD) ,,,,
32,43,6,22-Mar,,,,
32,43,6,"April, 2014 ",,,,
32,43,6,"10 April, 2014",,,,
32,43,7,on (22 March); ,,,,
32,43,7,"in (April, 2014); ",,,,
32,43,7,"on (10 April, 2014);",,,,
32,43,8,Ebola virus ,,,,
33,44,1,ebola,,,,
33,44,6,March 2014;,,,,
33,44,7,in (March 2014);,,,,
33,44,8,Ebola virus ,,,,
34,45,1,Ebola ,,,,
34,45,6,14-Mar,,,,
34,45,6,October 22 2014,,,,
34,45,7,in (March 2014);,,,,
34,45,7,as of (October 22 2014);,,,,
34,45,8,Ebola Virus Disease (EVD) ,,,,
35,46,1,Ebola virus disease ,,,,
35,46,2,2014-2015 ,,,,
35,46,7,from the;,,,,
35,46,7,Filoviridae ,,,,
35,46,7,Ebola virus ,,,,
35,46,8,Marburg virus,,,,
36,47,1,Ebola virus disease ,,,,
36,47,6,host inflammatory response,,,,
36,47,6,13-Dec,,,,
36,47,6,6-Sep-14,,,,
36,47,6,2014,,,,
36,47,7,in (December 2013),,,,
36,47,7,as of (6-Sep-14),,,,
36,47,7,Prior to (2014),,,,
36,47,8,ebolavirus,,,,
37,48,1,Ebola virus disease ,,,,
37,48,6,13-Dec,,,,
37,48,6,1976,,,,
37,48,7,in (March 2014);,,,,
37,48,7,in (1976);,,,,
37,48,8,Ebola virus ,,,,
37,49,1,Ebola virus disease ,,,,
37,49,6,13-Dec,,,,
37,49,6,"August 15th, 2014",,,,
37,49,,August 8th,,,,
37,49,7,since December 2013,,,,
37,49,7,on August 8th ,,,,
37,49,8,Ebola virus ,,,,
38,50,1,Ebola ,,,,
38,50,6,15-Sep-14,,,,
38,50,7,as of (15-Sep-14),,,,
38,50,8,zoonotic filovirus ,,,,
39,51,1,Ebola ,,,,
39,51,5,appropriate handling organisms like salmonella or tuberculosis,,,,
39,51,6,"Sept. 29, 1976",,,,
39,51,7,on ,,,,
39,51,8,Ebola virus ,,,,
39,51,8,salmonella ,,,,
39,51,8,tuberculosis,,,,
40,52,1,Ebola ,,,,
40,52,5,isolated the virus at our laboratory in Antwerp,,,,
40,52,5,"do not use injections by unsterilised needles and through contact with bodily fluids, blood and vomit, both with patients and at the funerals of family members where there is contact with infected bodies.",,,,
40,52,6,1976,,,,
40,52,7,in;,,,,
40,52,8,Ebola virus ,,,,
41,53,1,Ebola ,,,,
41,53,5,stay away from bats and the ebola river.,,,,
41,53,6,1976,,,,
41,53,7,in;,,,,
41,53,8,Ebola virus ,,,,
42,54,1,Ebola ,,,,
42,54,6,"Sept. 29, 1976",,,,
42,54,7,in;,,,,
42,54,8,Ebola virus ,,,,
43,55,1,Ebola ,,,,
43,55,6,1976,,,,
43,55,7,in,,,,
43,55,8,Ebola virus ,,,,
145,56,1,Ebola,,,,
145,56,5,stay away from bats in Spain,,,,
145,56,8,Lloviu virus,,,,
145,57,1,Ebola,,,,
145,57,5,stay away from alive and healthy bats as they are carriers,,,,
145,57,8,Lloviu virus ,,,,
145,58,5,do not come in contact with infected monkeys imported from Uganda,,,,
145,58,6,1967,,,,
145,58,7,in;,,,,
145,58,8,filovirus ,,,,
145,58,8,Marburg virus,,,,
145,59,2,fever,,,,
145,59,2,chills,,,,
145,59,2,anorexia,,,,
145,59,2,sore throat,,,,
145,59,2,bleeding from internal organs,,,,
145,59,2,diarrhea,,,,
145,59,2,vomiting,,,,
145,59,4,maintaining blood and electrolyte levels ,,,,
145,59,4,rehydration,,,,
145,59,5,"wearing protective layers, such as masks and gloves",,,,
145,59,5,not to re-use non-disposable items until they have been properly disinfected,,,,
145,59,8,filovirus ,,,,
44,60,1,Ebola ,,,,
44,60,5,stay away from fruit bats from the Democratic Republic of the Congo.,,,,
44,60,6,1976,,,,
44,60,7,in;,,,,
44,60,8,Ebola virus ,,,,
43,61,1,Ebola ,,,,
43,61,6,1976,,,,
43,61,7,in;,,,,
43,61,8,Ebola virus ,,,,
45,62,1,Ebola ,,,,
45,62,1,Yellow fever,,,,
45,62,5,isloate the virus,,,,
45,62,6,1976,,,,
45,62,7,in;,,,,
46,63,1,Ebola ,,,,
46,63,6,1976,,,,
46,63,7,in;,,,,
46,63,8,Ebola virus ,,,,
46,64,1,Ebola ,,,,
46,64,5,More publicity of Ebola;,,,,
46,64,6,1976,,,,
46,64,7,in;,,,,
46,64,8,Ebola virus ,,,,
46,65,1,Ebola ,,,,
46,65,6,1976,,,,
46,65,7,since;,,,,
46,65,8,Ebola virus ,,,,
142,66,1,Ebola; ,,,,
142,66,1,Ebola hemorrhagic fever,,,,
142,66,6,1994;,,,,
142,66,7,in;,,,,
142,66,8,Ebola Reston,,,,
143,67,1,Ebola; ,,,,
143,67,2,,,,,
143,67,3,,,,,
143,67,4,,,,,
143,67,5,gloves,,,,
143,67,6,face shield,,,,
143,67,7,,,,,
143,67,8,Ebola virus ,,,,
42,68,6,1976,,,,
42,68,7,in;,,,,
42,68,8,Marburg virus ,,,,
42,69,1,haemorrhagic fever,,,,
42,69,5,infected monkeys imported from Uganda ,,,,
42,69,8,Marburg virus ,,,,
42,70,1,Ebola ,,,,
42,70,4,examine under microscope,,,,
42,70,7,in;,,,,
42,70,8,Marburg ,,,,
144,71,1,Ebola,,,,
144,71,6,1976,,,,
144,71,7,in;,,,,
144,71,8,Ebola virus,,,,
145,72,1,haemorrhagic fever,,,,
145,72,5,stay away from bats in northern Spain,,,,
145,72,8,Ebola virus,,,,
146,73,1,EBOV ,,,,
146,73,1,hemorrhagic disease ,,,,
146,73,6,1976,,,,
146,73,7,in;,,,,
146,73,8,ebolaviruses,,,,
146,74,1,RESTV ,,,,
146,74,5,stay away from cynomolgus macaques that had been imported into the United States from the Philippines,,,,
146,74,6,1989,,,,
146,74,7,in;,,,,
146,74,8,ebolavirus ,,,,
146,74,8, filovirus,,,,
146,75,1,TAFV ,,,,
146,75,1,dengue,,,,
146,75,6,1994,,,,
146,75,7,in;,,,,
146,75,8,ebolavirus ,,,,
148,76,1,Ebola,,,,
148,76,5,do not let fatigue and complacency set in,,,,
148,76,6,24th March 2014 ,,,,
148,76,7,on;,,,,
148,76,8,Ebola virus ,,,,
147,77,1,Ebola,,,,
147,77,6,24-Mar,,,,
147,77,7,on;,,,,
147,77,8,Ebola virus ,,,,
149,78,1,Ebola,,,,
149,78,2,take a blood sample test,,,,
149,78,8,Ebola virus ,,,,
149,79,1,Ebola,,,,
149,79,5,have good infection control and hygiene practices,,,,
149,79,8,Ebola virus ,,,,
90,81,1,Ebola,,,,
90,81,4,Providing intravenous fluids (IV) ,,,,
90,81,4,balancing electrolytes ,,,,
90,81,4,Maintaining oxygen status and blood pressure.,,,,
90,81,4,Treating other infections if they occur.,,,,
90,81,6,10 years,,,,
90,81,7,at least;,,,,
151,82,1,"Ebola virus disease (EVD), ",,,,
151,82,5,stay away from animals and infected people.,,,,
151,82,4,rehydration,,,,
151,82,4,symptomatic treatment ,,,,
151,82,4,"range of blood, immunological and drug therapies",,,,
151,82,8,Ebola virus,,,,
151,83,1,Ebola,,,,
151,83,4,oral or intravenous fluids,,,,
151,83,4,treatment of specific symptoms,,,,
151,83,4,Supportive care-rehydration ,,,,
151,83,4,blood products,,,,
151,83,4,immune therapies ,,,,
151,83,4,drug therapies ,,,,
151,83,8,Ebola virus,,,,
231,84,1,Ebola,,,,
231,84,4,"good meticulous intensive care,"" ",,,,
231,84,4,supporting the patient ,,,,
231,84,4,targeting treatment toward the organs that are under attack by the Ebola virus,,,,
231,84,4,treat them with IV fluid support,,,,
231,84,4,put them on a ventilator,,,,
231,84,4,Pumping fluids into patients ,,,,
231,84,8,ebola virus ,,,,
232,85,1,Ebola,,,,
232,85,4,saline solution ,,,,
232,85,4,Quick treatment ,,,,
232,85,4,fever reducers ,,,,
232,85,8,ebola virus ,,,,
90,86,1,Ebola,,,,
90,86,4,good supportive care ,,,,
90,86,4,patient’s immune response,,,,
90,86,6,10 years;,,,,
90,86,7,at least;,,,,
231,87,1,Ebola,,,,
231,87,2,attacks so many different tissues,,,,
231,87,6,29-Jul,,,,
231,87,7,as of;,,,,
268,91,1,Ebola,,,,
268,91,4,favipiravir,,,,
268,91,4,brincidofivir,,,,
268,91,6,December,,,,
268,91,7,in;,,,,
268,91,8,Ebola virus,,,,
269,92,1,Ebola,,,,
269,92,4,TKM-Ebola,,,,
269,92,4,convalescent serum,,,,
269,92,6,5-Sep,,,,
269,92,7,in;,,,,
270,93,1,Ebola,,,,
270,93,4,TKM-Ebola,,,,
270,93,4,brincidofivir,,,,
270,93,6,July,,,,
270,93,7,in;,,,,
270,93,6,early December,,,,
270,93,7,by;,,,,
270,93,8,Ebola virus,,,,
271,94,1,Ebola,,,,
271,94,4,TKM-Ebola,,,,
271,94,4,Favipiravir,,,,
271,94,4,transfer of whole blood or plasma from survivors,,,,
271,94,5,high level of care,,,,
271,94,5,recovered naturally,,,,
271,95,1,Ebola,,,,
271,95,4,SiRNA treatment,,,,
271,95,6,8 weeks,,,,
271,95,7,within;,,,,
47,101,1,Ebola Virus Disease; ,,,,
47,101,2,abrupt fever;,,,,
47,101,2,headache;,,,,
47,101,2,joint pain;,,,,
47,101,2,muscle aches;,,,,
47,101,2,sore throat;,,,,
47,101,2,weakness;,,,,
47,101,6,2 to 21;,,,,
47,101,7,from ;,,,,
47,101,8,Ebola Virus;,,,,
48,102,1,Ebola;,,,,
48,102,2,Fever;,,,,
48,102,2,Severe headache;,,,,
48,102,2,Muscle pain;,,,,
48,102,2,Weakness,,,,
48,102,2,Fatigue,,,,
48,102,2,Diarrhea,,,,
48,102,2,Vomiting,,,,
48,102,2,Abdominal (stomach) pain,,,,
48,102,2,Unexplained hemorrhage ,,,,
48,102,6,8 to 10;,,,,
48,102,6,2 to 21;,,,,
48,102,7,from ;,,,,
48,102,8,Ebola Virus;,,,,
49,103,1,Ebola;,,,,
49,103,2,fever,,,,
49,103,2,fatigue,,,,
49,103,2,muscle pain,,,,
49,103,6,30,,,,
49,103,7,take up to,,,,
50,104,1,Ebola;,,,,
50,104,2,fever,,,,
50,104,2,body aches;,,,,
50,104,2,cough;,,,,
50,104,2,stomach pain;,,,,
50,104,2,vomiting;,,,,
50,104,2,diarrhea,,,,
50,104,3,tests for antibodies against Ebola and viral DNA;,,,,
50,104,6,2 to 21;,,,,
50,104,6,8 to 9;,,,,
50,104,7,from (2 to 21);,,,,
51,105,1,Ebola;,,,,
51,105,2,fever,,,,
51,105,2,headache;,,,,
51,105,2,joint and muscle pain;,,,,
51,105,2,ssore throat;,,,,
51,105,2,intense muscle weakness;,,,,
51,105,4,sooner a person is given care;,,,,
51,105,6,2 and 21;,,,,
51,105,7,between,,,,
51,105,8,Ebola virus,,,,
52,106,1,Ebola;,,,,
52,106,6,9/30/2015;,,,,
52,106,7,as of;,,,,
52,106,8,Ebola virus,,,,
53,107,1,Ebola;,,,,
53,107,2,sick contact;,,,,
53,107,5,avoid direct or indirect contact with somebody who had Ebola,,,,
53,107,5,avoid transmission through body fluids,,,,
53,107,8,Ebola virus,,,,
54,108,1,Ebola;,,,,
54,108,5,better lab facilities;,,,,
54,108,8,Ebola virus,,,,
54,109,1,Ebola ,,,,
54,109,5,avoid travels to Ebola affected regions of Africa,,,,
54,109,8,Ebola virus,,,,
55,110,1,Ebola;,,,,
55,110,3,find potential early markers of the disease ,,,,
55,110,8,Ebola virus,,,,
56,111,1,malaria,,,,
56,111,2,flu-like ,,,,
56,111,2,high temperature (fever);,,,,
56,111,2,headache,,,,
56,111,2,sweats,,,,
56,111,2,chills ,,,,
56,111,2,vomiting,,,,
56,111,6,4 to 8;,,,,
56,111,7,occurs from;,,,,
57,112,1,malaria,,,,
57,112,2,Fever,,,,
57,112,2,Chills,,,,
57,112,2,Sweats,,,,
57,112,2,Headache.,,,,
57,112,2,Fatigue.,,,,
57,112,2,Nausea;,,,,
57,112,2,vomiting,,,,
57,112,8,bacteria,,,,
57,112,8,viruses,,,,
57,112,8,parasites,,,,
58,113,1,malaria,,,,
58,113,2,abdominal pain,,,,
58,113,2,chills and sweats,,,,
58,113,2,nausea,,,,
58,113,2,Headache.,,,,
58,113,2,vomiting ,,,,
58,113,2,headache;,,,,
58,113,2,high fevers,,,,
58,113,2,low blood pressure ,,,,
58,113,2,dizziness ,,,,
58,113,2,muscle aches,,,,
58,113,2,poor appetite,,,,
58,113,6,12 to 14 ,,,,
58,113,7,about ,,,,
59,114,1,malaria,,,,
59,114,2,flu-like,,,,
59,114,2,fever,,,,
59,114,2,headache,,,,
59,114,2,aching muscles,,,,
59,114,2,diarrhoea ,,,,
59,114,2,vomiting ,,,,
59,114,2,lack of energy,,,,
59,114,2,loss of appetite,,,,
59,114,2,cough,,,,
59,114,6,10 and 15,,,,
59,114,7,between ,,,,
60,115,1,malaria,,,,
60,115,2,flu _ aches and pains,,,,
60,115,2,headache ,,,,
60,115,5,stay away from people who are in malaria area,,,,
60,116,1,malaria,,,,
60,116,2,flu-like ,,,,
60,116,8,"P. vivax, ",,,,
60,116,8,P. malariae,,,,
60,116,8,P. ovale,,,,
123,117,1,malaria,,,,
123,117,6,7 days,,,,
123,117,6,8 to 10 months ,,,,
123,117,7,as long as (8 to 10 months),,,,
123,117,8,P. vivax ,,,,
123,117,8,P. ovale.,,,,
123,118,1,malaria,,,,
123,118,6,48,,,,
123,118,6,72 hours ,,,,
123,118,7,every,,,,
123,118,8,P. vivax ,,,,
123,118,8,P. ovale.,,,,
123,118,8,P. malariae.,,,,
124,119,1,malaria,,,,
124,119,6,1 year,,,,
124,119,7,for upto,,,,
124,119,8,P. vivax ,,,,
124,119,8,P. ovale.,,,,
125,120,1,malaria,,,,
125,120,6,7 to 30,,,,
125,120,7,between,,,,
125,120,5,take antimalarial medicines ,,,,
128,121,1,typhus ,,,,
128,121,2,high fever ,,,,
128,121,2,nausea,,,,
128,121,2,malaise,,,,
128,121,2,vomiting,,,,
128,121,2,diarrhea,,,,
128,121,2,rash ,,,,
128,121,6,4-7 days,,,,
128,121,7,about,,,,
283,122,1,typhus ,,,,
283,122,2,Prodromal malaise,,,,
283,122,2,Severe headache,,,,
283,122,2,Fever ,,,,
283,122,2,Myalgia ,,,,
283,122,2,Nausea,,,,
283,122,2,Joint pain.,,,,
283,122,2,Cough and sneeze,,,,
283,122,2,Hypotension.,,,,
283,122,2,Delirium,,,,
283,122,2,Peripheral gangrene and necrosis,,,,
283,122,6,10-14 days,,,,
283,122,7,is,,,,
284,123,1,typhus ,,,,
284,123,2,Fever ,,,,
284,123,2,Severe headache,,,,
284,123,2,muscle pain,,,,
284,123,2,cough,,,,
284,123,2,gastrointestinal symptoms,,,,
284,123,8,Rickettsia prowazekii,,,,
130,124,1,typhus ,,,,
130,124,2,fever,,,,
130,124,2,headache,,,,
130,124,2,weakness,,,,
130,124,6,one to three weeks,,,,
130,124,7,appearing;,,,,
174,125,1,typhus ,,,,
174,125,2,Chills,,,,
174,125,2,Cough,,,,
174,125,2,Confusion,,,,
174,125,2,High fever ,,,,
174,125,2,Joint pain ,,,,
174,125,2,Low blood pressure,,,,
174,125,2,Severe headache,,,,
174,125,2,Severe muscle pain ,,,,
174,125,6,10-14 days,,,,
174,125,7,is;,,,,
174,125,8,typhoid fever.,,,,
69,126,1,rickettsial ,,,,
69,126,5,avoid a fleabite or contact with rodents,,,,
69,126,3,an appropriate epidemiologic setting,,,,
70,127,1,typhoid fever ,,,,
70,127,6,one_or two weeks ,,,,
70,127,6,three to five days,,,,
70,127,7,within ,,,,
70,127,8,Salmonella typhi bacteria,,,,
71,128,1,typhus ,,,,
71,128,1,Brill-Zinsser disease ,,,,
71,128,4,treated early with chloramphenicol or a tetracycline drug,,,,
71,128,5,communities that were free of lice,,,,
72,129,1,Brill-Zinsser disease ,,,,
72,129,1,epidemic typhus,,,,
72,129,5,improve immune system ,,,,
73,131,1,cholera ,,,,
73,131,2,profuse watery diarrhea,,,,
73,131,2,vomiting,,,,
73,131,2,rapid heart rate,,,,
73,131,2,loss of skin elasticity,,,,
73,131,2,dry mucous membranes,,,,
73,131,2,low blood pressure,,,,
73,131,2,thirst,,,,
73,131,2,muscle cramps,,,,
73,131,2,restlessness or irritability,,,,
73,131,6,1-5 days,,,,
73,131,7,in;,,,,
74,132,1,cholera ,,,,
74,132,2,Prodromal malaise,,,,
74,132,2,severe watery diarrhea,,,,
74,132,2,vomiting,,,,
74,132,2,dehydration,,,,
74,132,2,Vomiting,,,,
74,132,2,decreased gastric and intestinal motility;,,,,
74,132,6,1-5 days,,,,
74,132,7,in;,,,,
75,133,1,cholera ,,,,
75,133,2,severe watery diarrhea ,,,,
75,133,2,vomiting,,,,
75,133,2,dehydration. ,,,,
75,133,5,stay away from infected people even if they have minimal or no symptoms,,,,
75,133,6,few hours-five days ,,,,
75,133,7,as soon as,,,,
76,134,1,typhus ,,,,
76,134,2,Diarrhea,,,,
76,134,2,Nausea and vomiting,,,,
76,134,2,Dehydration,,,,
76,134,2,sunken eyes,,,,
76,134,2,"a dry mouth,",,,,
76,134,2,"extreme thirst, ",,,,
76,134,2,"low blood pressure, ",,,,
76,134,2,irregular heartbeat ,,,,
76,134,6,1-5 days,,,,
76,134,7,in;,,,,
77,135,1,typhus ,,,,
77,135,2,profuse diarrhea ,,,,
77,135,2,vomiting of clear fluid,,,,
77,135,2,Dehydration,,,,
77,135,2,skin may turn bluish-gray from extreme loss of fluids,,,,
77,135,2,"a dry mouth,",,,,
77,135,2,"extreme thirst, ",,,,
77,135,2,"low blood pressure, ",,,,
77,135,2,irregular heartbeat ,,,,
77,135,6,half a day to five days ,,,,
77,135,5,drink lots of water;,,,,
274,141,1,Ebola,,,,
274,141,1,Malaria,,,,
274,141,2,headaches,,,,
274,141,2,vomiting,,,,
274,141,2,anorexia / loss of appetite,,,,
274,141,2,diarrhea,,,,
274,141,2,lethargy,,,,
274,141,2,stomach pain,,,,
274,141,2,aching muscles or joints,,,,
274,141,2,difficulty swallowing,,,,
274,141,2,breathing difficulties,,,,
274,141,2,hiccups,,,,
274,141,6,2-3 weeks;,,,,
274,141,7,approximately;,,,,
275,142,1,Ebola,,,,
275,142,1,Malaria,,,,
275,142,1,flu,,,,
275,142,2,Fever,,,,
275,142,2,weakness,,,,
275,142,2,headaches,,,,
275,142,5,avoid Careless infections,,,,
276,143,1,Ebola,,,,
276,143,1,Malaria,,,,
276,143,2,fever,,,,
276,143,2,headache,,,,
276,143,2,aching joints,,,,
276,143,5,"getting them in time, since kids can die within the first 24 hours of the onset of malaria symptoms.",,,,
276,143,6,24 hours,,,,
276,143,7,first;,,,,
277,144,1,Ebola,,,,
277,144,1,Malaria,,,,
277,144,2,fever,,,,
277,144,2,headache;,,,,
277,144,2,muscle aches,,,,
277,144,5,stay away from bites from infected mosquitoes ,,,,
277,144,5,stay away from body fluids of an infected victim,,,,
278,145,1,Ebola,,,,
278,145,1,Malaria,,,,
278,145,2,low fever,,,,
278,145,2,aching body,,,,
278,145,2,vomiting,,,,
278,145,2,headaches,,,,
278,145,4,anti-malarials,,,,
222,151,1,ebola,,,,
222,151,3,rapid point-of-care diagnostic tests,,,,
222,151,8,ebola virus,,,,
222,152,1,ebola,,,,
222,153,1,ebola,,,,
222,153,5,biosafety requirements beyond the wearing of personal protective equipment.,,,,
222,153,2,fever,,,,
222,154,1,ebola,,,,
222,154,3,regulatory assessment,,,,
222,154,4,independent review,,,,
222,155,1,ebola,,,,
222,155,2,"fever, nausea and diarrhea",,,,
222,155,8,ebola virus,,,,
224,161,1,ebola,,,,
224,161,8,ebola virus,,,,
224,162,1,ebola,,,,
224,162,2,illness,,,,
224,162,3,"tests for Ebola, based on detecting antibodies to the virus",,,,
224,162,4,"Antibodies are produced by the bodyâ€™s counterattack on the virus, and are therefore not detectable until that counterattack is well underway. By that time, the victim might have infected others",,,,
224,163,1,ebola,,,,
224,163,2,fever,,,,
224,163,3,RT-PCR,,,,
224,163,8,bits of RNA,,,,
224,164,1,ebola,,,,
224,164,3,PCR tests are notorious for cross-contamination errors,,,,
224,164,8,ebola virus,,,,
224,165,1,ebola,,,,
224,165,3, test an Ebola vaccine on a person,,,,
225,171,1,ebola,,,,
225,171,4,"As a rule of thumb with other diseases, the antibodies Kobinger found provide correlates of protection, or expected immunity",,,,
225,171,8,Zaire ebolavirus (ZEBOV),,,,
225,172,1,ebola,,,,
225,172,3,condone inoculating people with Ebola to test a vaccine without significant evidence of vaccine effectiveness,,,,
225,172,4,vaccination may not produce antibodies or actually yield individual immunity,,,,
225,172,8,ebola virus,,,,
225,173,1,ebola,,,,
225,173,3,Zebov,,,,
225,174,1,ebola,,,,
225,174,3,detects the presence of pathogens,,,,
225,174,4,immune system releases antibodies to identify and neutralize pathogens,,,,
225,174,8,virus,,,,
225,175,1,ebola,,,,
225,175,3,holy grail,,,,
225,175,8,virus,,,,
226,181,1,ebola,,,,
226,181,3,rapid test strips,,,,
226,181,8,ebola virus,,,,
227,191,1,ebola,,,,
227,191,3,Next-generation sequencing machines,,,,
227,192,1,ebola,,,,
227,192,3,medical tricorder,,,,
227,192,8,variety of diseases,,,,
227,193,1,ebola,,,,
227,193,3,holi grail,,,,
227,194,1,ebola,,,,
227,194,3,Genekam Biotechnology AG manufactures a number of kits for zoonostic pathogens,,,,
227,194,8,ebola virus,,,,
78,201,1,Ebola ,,,,
78,201,5,stay away from fruit bats from the Democratic Republic of the Congo.,,,,
78,201,6,mid-March,,,,
78,201,7,in (mid-March);,,,,
79,202,1,Ebola ,,,,
79,202,4,saline solution ,,,,
79,202,4,fever reducers,,,,
79,202,4,experimental drug called ZMapp,,,,
79,202,8,Ebola virus ,,,,
80,203,1,Ebola ,,,,
81,204,4,experimental medication,,,,
82,205,6,14-Nov-14,,,,
83,206,7,on ,,,,
81,204,1,Ebola ,,,,
81,204,5,do not come intouch with patients who might have contracted ebola;,,,,
81,204,6,Oct. 8,,,,
81,204,7,on;,,,,
81,204,8,Ebola virus ,,,,
82,205,1,Ebola ,,,,
82,205,2,take experimental drug MIL 77.,,,,
82,205,8,Ebola virus ,,,,
80,206,1,Ebola; ,,,,
80,206,2,fever,,,,
80,206,2,headache ,,,,
80,206,2,sore throat,,,,
80,206,2,vomiting,,,,
80,206,2,diarrhea,,,,
80,206,4,early supportive care;,,,,
83,207,1,Ebola; ,,,,
83,207,4,large amount of antibodies;,,,,
83,207,4,post-exposure treatment ,,,,
83,207,4,vaccine,,,,
83,207,6,13-Jun,,,,
83,207,7,on;,,,,
83,207,8,Ebola virus ,,,,
81,208,1,Ebola; ,,,,
81,208,4,getting ahead of dehydration,,,,
81,208,4,simple hydration ,,,,
81,208,7,on;,,,,
81,208,8,Ebola virus ,,,,
47,209,1,Ebola; ,,,,
47,209,5,do not fly in a pair of missionaries whoêd gotten ill treating Ebola patients in Africa.,,,,
47,209,6,"Tuesday, July 29",,,,
47,209,7,on;,,,,
85,210,1,Ebola; ,,,,
85,210,5,do not fly in a pair of missionaries whoêd gotten ill treating Ebola patients in Africa.,,,,
85,210,6,"Tuesday, July 29",,,,
85,210,7,on;,,,,
79,211,1,Ebola; ,,,,
79,211,4,experimental drug,,,,
79,211,6,22-Jul,,,,
79,211,7,on;,,,,
79,211,8,Ebola virus ,,,,
79,212,1,Ebola; ,,,,
79,212,4,take Zmapp;,,,,
79,212,6,30-Jul,,,,
79,212,7,on;,,,,
86,213,1,Ebola; ,,,,
86,213,6,July,,,,
86,213,7,since;,,,,
86,213,8,Ebola Virus,,,,
87,214,1,Ebola; ,,,,
87,214,6,14-Jul,,,,
87,214,7,around;,,,,
87,214,8,Ebola virus ,,,,
88,215,1,Ebola; ,,,,
88,215,5,dialysis,,,,
88,215,6,14-Jul,,,,
88,215,7,since;,,,,
89,216,1,Ebola; ,,,,
89,216,6,"5 a.m. March 13, 2015 ",,,,
89,216,7,before;,,,,
89,217,1,Ebola; ,,,,
89,217,6,14-Sep,,,,
89,217,7,on;,,,,
89,217,8,Ebola virus ,,,,
90,218,1,Ebola; ,,,,
90,218,4,patientês immune response. ,,,,
90,218,4,good supportive care ,,,,
90,218,5,develop antibodies ,,,,
90,218,6,10 years,,,,
90,218,7,at least;,,,,
90,218,8,Ebola virus ,,,,
92,219,1,Ebola; ,,,,
92,219,6,Nov. 18,,,,
92,219,7,on;,,,,
93,220,1,Ebola; ,,,,
93,220,6,"Jan. 10, 2015 ",,,,
93,220,7,"on (Jan. 10, 2015);",,,,
93,220,6,December,,,,
93,220,7,by (December);,,,,
93,220,6,November,,,,
93,220,7,in (November);,,,,
94,221,1,Ebola; ,,,,
94,221,4,years of preparation ,,,,
94,221,5,biocontainment units ,,,,
94,221,6,September,,,,
94,221,7,in;,,,,
95,222,1,Ebola; ,,,,
95,222,6,14-Dec,,,,
95,222,7,on;,,,,
96,223,1,Ebola; ,,,,
96,223,6,November 10 2014,,,,
96,223,7,on;,,,,
96,223,8,Ebola virus ,,,,
97,224,1,Ebola; ,,,,
97,224,6,6-Nov,,,,
97,224,7,on;,,,,
97,224,8,Ebola virus ,,,,
98,225,1,Ebola; ,,,,
98,225,2,,,,,
98,225,4,use of an experimental system by Cerus Corp. for inactivating viruses in blood,,,,
98,225,4,use plasma from infected patients,,,,
98,225,5,"make sure the donated plasma are cured of Ebola and donêt have other diseases such as hepatitis, syphilis or HIV.",,,,
98,225,8,Ebola virus ,,,,
100,226,1,Ebola,,,,
100,226,4,take drug ZMapp ,,,,
100,226,6,15-Feb,,,,
100,226,7,on;,,,,
100,227,1,Ebola,,,,
100,227,4,take drug ZMapp ,,,,
100,227,5,consume monoclonal antibodies found in tobacco plants,,,,
100,227,6,five days ,,,,
100,227,7,as late as;,,,,
100,227,8,Zaire ebolavirus,,,,
101,228,1,Ebola,,,,
101,228,4,received Brincidofovir treatment ,,,,
101,228,8,Ebola virus ,,,,
102,229,1,Ebola,,,,
102,229,5,take drug Brincidofovir  ,,,,
102,229,8,Ebola virus ,,,,
94,230,1,Ebola,,,,
94,230,5,international effort can extinguish the outbreak,,,,
94,230,5,promote safe conditions and training for health care and relief worker,,,,
94,230,5,expedite the effective and targeted disbursement of funds and other assistance.,,,,
94,230,6,15 Oct.,,,,
94,230,7,on;,,,,
233,231,1,Ebola; ,,,,
233,231,4,years of preparation ,,,,
233,231,5,biocontainment units ,,,,
233,231,6,Aug. 19,,,,
233,231,6,Aug. 21,,,,
233,231,7,on;,,,,
233,231,8,Ebola virus ,,,,
233,232,1,Ebola; ,,,,
233,232,5,be careful while caring for a patient;,,,,
233,232,6,Oct. 15 ,,,,
233,232,7,on;,,,,
233,233,1,Ebola; ,,,,
233,233,6,Oct. 24,,,,
233,233,7,on;,,,,
233,233,8,Ebola virus ,,,,
235,234,1,Ebola; ,,,,
235,234,6,"Nov. 15, 2014 ",,,,
235,234,7,on;,,,,
235,234,8,Ebola virus ,,,,
236,235,1,Ebola; ,,,,
236,235,6,Sept. 30 ,,,,
236,235,6,Oct. 12 ,,,,
236,235,6,Oct. 15,,,,
236,235,7,on;,,,,
237,236,1,Ebola,,,,
237,236,6,two weeks ,,,,
237,236,7,almost;,,,,
237,237,1,Ebola,,,,
237,237,6,Nov. 7,,,,
237,237,6,Nov. 10,,,,
237,237,7,on;,,,,
238,238,1,Ebola,,,,
238,238,5,do not have direct contact with infected patient;,,,,
238,238,6,Nov. 14.,,,,
238,238,7,on;,,,,
239,239,1,Ebola,,,,
239,239,5,do not to travel to parts of Mali,,,,
239,239,8,Ebola virus ,,,,
240,240,1,Ebola,,,,
240,240,6,13-Feb,,,,
240,240,7,taken on;,,,,
234,246,1,Ebola,,,,
234,246,5,keep in quarantine;,,,,
234,246,6,13-Mar,,,,
234,246,7,on;,,,,
234,246,8,Ebola virus ,,,,
235,247,1,Ebola,,,,
235,247,6,Tuesday;,,,,
235,247,7,on;,,,,
236,248,1,Ebola,,,,
236,248,6,November,,,,
236,248,7,on;,,,,
236,249,1,Ebola,,,,
236,249,5,avoid contact with with an infected person’s bodily fluids,,,,
236,249,6,"Dec 2, 2014. ",,,,
236,249,7,on;,,,,
236,250,1,Ebola,,,,
236,250,6,"mid-October, ",,,,
236,250,7,in;,,,,
135,251,1,Ebola,,,,
135,251,5,careful hygiene,,,,
135,251,5, avoid contact with blood and body fluids,,,,
135,251,5, Avoid funeral or burial rituals,,,,
135,251,8,Ebola Virus,,,,
106,252,1,Ebola,,,,
106,252,5,Wear appropriate personal protective equipment (PPE),,,, 
106,252,5, infection control and sterilization,,,, 
106,252,5, Avoid direct comtact,,,, 
106,252,5, unprotected contact with the bodies of people who have died from Ebola,,,, 
106,252,8,Ebola virus,,,,
107,253,1,Ebola,,,,
107,253,1, Marburg,,,,
107,253,5,Wash your hands frequently,,,,
107,253,7,Before,,,,
107,253,7, current,,,,
107,253,8,Ebola virus,,,,
108,254,1,Ebola,,,,
108,254,1,Marburg,,,,
108,254,5,Avoid bush meat,,,,
108,254,5, Avoid contact with infected people,,,,
108,254,5, caregivers should avoid contact with the person's body fluids and tissues ,,,,
108,254,7,later,,,,
108,254,8,Ebola virus,,,,
109,255,1,Ebola,,,,
109,255,1, Marburg,,,,
109,255,5,wear protective clothing,,,,
109,255,5, Keep infected people isolated from others,,,,
109,255,5, Don't handle remains,,,,
109,255,5, Dispose of needles and sterilize other instruments,,,,
109,255,8,Ebola virus,,,,
110,256,1,Ebola,,,,
110,256,2,wrecks the immune system,,,,
110,256,2, causes heavy bleeding inside the body,,,,
110,256,7,After,,,,
110,256,8,Ebola virus,,,,
111,257,1,Ebola,,,,
111,257,6,Nov. 15,,,,
111,257,7,on Nov. 15,,,,
112,258,1,Ebola,,,,
112,258,2,high fever,,,,
112,258,2,headaches,,,,
112,258,2,weakness,,,,
112,258,8,Ebola virus,,,,
107,259,1,Ebola,,,,
107,259,2,fever,,,,
107,259,2,diarrhea,,,,
107,259,2,vomiting;,,,,
107,259,6,five days,,,,
107,259,7,for;,,,,
107,259,6,10 days,,,,
107,259,7,with,,,,
108,261,1,Malaria,,,,
108,261,5,antimalarial drug,,,,
108,261,5, insect repellent,,,,
108,261,5,long sleeves,,,,
108,261,5, long pants,,,,
108,261,5, sleeping in a mosquito-free setting,,,,
108,261,5, using an insecticide-treated bednet  ,,,,
108,261,6,five days,,,,
108,261,7,takes;,,,,
109,262,1,malaria,,,,
109,262,5,avoiding mosquito bites,,,,
109,262,5, use of repellents,,,,
109,262,5, insecticide treated bed nets,,,,
109,262,5, specific medicines,,,,
109,262,6,10 days to 4 weeks,,,,
109,262,7,begin;,,,,
110,263,1,malaria,,,,
110,263,5,antimalarials,,,,
110,263,7,after,,,,
111,264,1,malaria,,,,
111,264,5,protecting yourself against mosquito bites,,,,
111,264,5, taking antimalarial medicines,,,,
111,264,5, avoid traveling to areas where malaria is common,,,,
111,265,1,malaria,,,,
111,265,5,using air conditioning and electric fans,,,,
111,265,5, wearing protective clothing,,,,
111,265,5, using aerosol insecticides in your house,,,,
111,265,5, antimalarial medicines,,,,
111,265,8,protozoans ,,,,
112,266,1,malaria,,,,
112,266,5,Medicines,,,,
112,266,8,malaria parasites,,,,
113,267,1,Malaria,,,,
113,267,2,high fever,,,,
113,267,2, chills,,,,
113,267,8,bite by an infected mosquito,,,,
113,268,1,malaria,,,,
113,268,6,2 weeks,,,,
113,268,7,last;,,,,
113,269,1,Malaria,,,,
113,269,4,work restrictions and accommodations ,,,,
113,269,6,2 weeks,,,,
113,269,7,last;,,,,
114,271,1,epidemic typhus,,,,
114,271,5,vaccine,,,,
114,271,5, avoiding the insects that spread it,,,,
114,271,7,During the Second World War,,,,
114,272,1,typhus,,,,
114,272,5,maintaining personal hygiene,,,,
114,272,5, controlling the rodent population,,,,
114,272,5, avoiding places where exposure has occurred,,,,
114,272,5, chemoprophylaxis with doxycycline,,,,
114,272,8,lice,,,,
114,272,8, rodents,,,,
114,272,8, arthropods,,,,
116,273,1,typhus,,,,
116,273,5,Avoid areas where you might encounter rat fleas or lice,,,,
116,273,5, Good sanitation,,,,
116,273,5, public health measures,,,,
116,273,8,rat fleas, lice,,,
116,274,5,Bathing,,,,
116,274,5, Boiling clothes,,,,
116,274,5, avoiding infested clothing for at least 5 days,,,,
116,274,5, Using insecticides,,,,
116,274,6,5 days,,,,
116,274,7,at least 5 days,,,,
116,274,8,lice,,,,
116,275,1,Endemic typhus,,,,
116,275,1, jail fever,,,,
116,275,4,Stay away from areas where hygiene is poor and the temperature is cold,,,,
116,275,8,rats,,,,
116,275,8, fleas,,,,
116,276,1,Murine typhus,,,,
116,276,7,during the summer and fall,,,,
116,276,8,rats feces,,,,
116,276,8, fleas,,,,
116,276,8, cats,,,,
116,276,8, opossums,,,,
116,276,8, raccoons,,,,
117,280,1,cholera,,,,
117,280,5,vaccine,,,,
117,280,5, only water that has been boiled,,,,
117,280,5, water that has been chemically disinfected,,,,
117,280,5, bottled water,,,,
117,280,7,lasts only;,,,,
117,280,6,a few months,,,,
118,281,1,Cholera,,,,
118,281,5,Drink and use safe water,,,,
118,281,5, Wash your hands often with soap and safe water,,,,
118,281,5, Use latrines or bury your feces (poop),,,,
118,281,5, Cook food well,,,,
118,281,5, peel fruits and vegetables,,,,
118,281,6,seven to 14 days,,,,
118,281,7,for;,,,,
118,282,5,Dukoral,,,,
118,282,5, ShanChol,,,,
118,282,7,Currently,,,,
119,283,1,cholera,,,,
119,283,5,providing clean water and proper sanitation,,,,
119,283,5, Health education,,,,
119,283,5, good food hygiene,,,,
119,283,5, hand-washing with soap after defecation and before handling food or eating,,,,
119,283,5, safe preparation and conservation of food ,,,,
119,284,1,cholera,,,,
119,284,5,Provision of safe water,,,,
119,284,5, proper sanitation,,,,
119,284,5, food safety,,,,
119,284,5, Health education,,,,
119,285,1,cholera,,,,
119,285,1, epidemic cholera,,,,
119,286,1,Cholera,,,,
119,286,2,watery diarrhea,,,,
119,286,2, vomiting,,,,
139,291,1,Cholera,,,,
139,291,1, Typhus,,,,
139,291,5,Chlorination of water,,,,
139,291,5, use of insecticides,,,,
139,291,5, Early detection of disease,,,,
140,292,1,typhoid fever,,,,
140,292,4,antibiotics,,,,
140,292,5,proper hygiene,,,,
140,292,5, sanitation,,,,
140,292,5, vaccines,,,,
140,293,1,typhus,,,,
140,293,5,typhus vaccine,,,,
140,293,5, avoid contact with lice,,,,
140,293,8,lice,,,,
141,294,1,typhus,,,,
141,294,5,avoidance of the insects that carry the causative bacteria,,,,
141,294,5, good hygiene,,,,
141,294,5, use of insect repellents,,,,
141,295,1,typhus,,,,
141,295,4,antibiotics,,,,
141,295,4, tetracycline,,,,
141,295,4, chloramphenicol,,,,
141,296,1,typhus,,,,
141,296,8,Rickettsiae,,,,
141,296,8, infected insect,,,,
141,297,1,typhus,,,,
141,297,8,Rickettsiae,,,,
141,297,8, infected insect,,,,
151,351,1,Ebola; ,,,,
151,351,2,fever fatigue,,,,
151,351,2,muscle pain,,,,
151,351,2,headache ,,,,
151,351,2,sore throat,,,,
151,351,6,2 to 21 days,,,,
151,351,7,is;,,,,
151,351,8,Ebola virus ,,,,
151,352,1,Ebola virus disease;,,,,
151,352,2,fever fatigue,,,,
151,352,2,muscle pain,,,,
151,352,2,headache ,,,,
151,352,2,sore throat,,,,
151,352,2,vomiting,,,,
151,352,2,diarrhoea,,,,
151,352,2,impaired kidney and liver function,,,,
151,352,6,2 to 21 days,,,,
151,352,7,from;,,,,
151,352,8,Ebola virus ,,,,
241,353,1,Ebola; ,,,,
241,353,6,42 days,,,,
241,353,7,as long as;,,,,
241,353,8,Ebola virus ,,,,
242,354,1,Ebola; ,,,,
242,354,6,1 to 21 days,,,,
242,354,7,in the range of (1 to 21 days);,,,,
242,354,6,42 days ,,,,
242,354,7,as long as;,,,,
242,354,8,Ebola virus ,,,,
243,355,1,Ebola; ,,,,
243,355,2,intense pain,,,,
243,355,2,diarrhea,,,,
243,355,2,nausea,,,,
243,355,2,internal and external bleeding,,,,
243,355,2,experience multiple organ failure,,,,
243,355,6,5 and 10 days,,,,
243,355,6,2 to 21 days ,,,,
243,355,7,between (5 and 10 days);,,,,
243,355,7,to (2 to 21 days );,,,,
244,356,1,Ebola,,,,
244,356,2,fever ,,,,
244,356,5,"active post-arrival monitoring of travelers whose travel originates in Liberia, Sierra Leone, or Guinea. ",,,,
244,356,5,entry screening ,,,,
244,356,6,21 days,,,,
244,356,7,for;,,,,
245,357,1,Ebola,,,,
245,357,6,21 days. ,,,,
245,357,6,for;,,,,
245,357,7,on;,,,,
245,357,8,Ebola virus ,,,,
246,361,1,hepatitis B;,,,,
246,361,2,Jaundice ,,,,
246,361,2,"Dark-colored urine, light-colored stools",,,,
246,361,2,Fatigue,,,,
246,361,2,Abdominal pain,,,,
246,361,2,Loss of appetite,,,,
246,361,2,Nausea,,,,
246,361,2,Diarrhea,,,,
246,361,2,Fever,,,,
246,361,6,1.5 to 6 months ,,,,
246,361,7,lasting;,,,,
246,361,8,HBV,,,,
247,362,1,hepatitis B ,,,,
247,362,5,vaccine,,,,
247,362,5,avoid horizontal transmission ,,,,
247,362,5,avoid percutaneous or mucosal exposure to infected blood and various body fluids,,,,
247,362,5,avoid reuse of needles and syringes either in health-care settings,,,,
247,362,5,"avoid medical, surgical and dental procedures, tattooing, or through the use of razors and similar objects that are contaminated with infected blood.",,,,
247,362,6,30 to 180 days,,,,
247,362,7,from;,,,,
247,362,8,hepatitis B virus ,,,,
248,363,1,hepatitis B;,,,,
248,363,6,30 and 180 days,,,,
248,363,7,between;,,,,
248,363,6,15 weeks ,,,,
248,363,7,up to (15 weeks);,,,,
248,363,8,hepatitis B virus ,,,,
249,364,1,hepatitis B;,,,,
249,364,2,mild fever ,,,,
249,364,2,tiredness ,,,,
249,364,2,aching limbs and/or joint pains ,,,,
249,364,2,loss of appetite ,,,,
249,364,2,feeling sick and vomiting ,,,,
249,364,2,reluctance to drink alcohol or smoke ,,,,
249,364,2,jaundice,,,,
249,364,5,take care of your liver;,,,,
249,364,6,five to 22 weeks,,,,
249,364,7,about;,,,,
249,364,8,HBV,,,,
249,364,1,hepatitis B;,,,,
249,364,6,1 to 21 days,,,,
249,364,7,in the range of (1 to 21 days);,,,,
249,364,6,42 days ,,,,
249,364,7,as long as;,,,,
249,364,8,HBV,,,,
250,365,1,hepatitis B;,,,,
250,365,2,nausea,,,,
250,365,2,anorexia,,,,
250,365,2,malaise,,,,
250,365,2,fatigue,,,,
250,365,2,flulike symptoms,,,,
250,365,6,45 to 160 days ,,,,
250,365,7,from;,,,,
250,365,8,HBV,,,,
251,366,1,hepatitis B;,,,,
251,366,2,concentrations of bilirubin,,,,
251,366,2,alanine aminotransferase ,,,,
251,366,5,antigen ,,,,
251,366,6,3 months ,,,,
251,366,7,within;,,,,
251,366,8,Hepatitis B virus ,,,,
252,367,1,hepatitis B;,,,,
252,367,2,rise in alanine transam- inase (ALT) levels was present ,,,,
252,367,2,significant liver injury,,,,
252,367,5,virus-specific immune responses ,,,,
252,367,8,Hepatitis B virus ,,,,
252,368,1,hepatitis B ,,,,
252,368,2,active viral replication before an effective host immune response,,,,
252,368,8,Hepatitis B virus ,,,,
253,369,1,hepatitis B ,,,,
253,369,2,an increased risk for developing serious liver problems like cirrhosis or liver cancer.,,,,
253,369,4,Interferon alpha ,,,,
253,369,4,Lamivudine ,,,,
253,369,4,oral antiviral medications ,,,,
253,369,6,six months,,,,
253,369,7,more than;,,,,
253,369,8,hepatitis B virus ,,,,
254,370,1,viral hepatitis,,,,
254,370,6,6 months,,,,
254,370,7,within;,,,,
254,370,8,hepatitis virus,,,,
255,371,5,Provision of safe water and sanitation,,,,
255,371,4,Oral cholera vaccines,,,,
255,371,6,two hours to five days,,,,
255,371,7,of;,,,,
255,371,8,Vibrio cholerae,,,,
256,372,1,Cholera;,,,,
256,372,2,enterotoxin,,,,
256,372,2,"copious, painless, watery diarrhoea",,,,
256,372,2,dehydration,,,,
256,372,6,less than one day to five days,,,,
256,372,7,from;,,,,
256,372,8,Vibrio cholerae,,,,
257,373,1,Cholera;,,,,
257,373,6,a few hours to five days,,,,
257,373,6,two to three days,,,,
257,373,7,from (a few hours to five days);,,,,
257,373,8,Vibrio cholerae,,,,
258,374,1,Cholera;,,,,
258,374,6,few hours to five days;,,,,
258,374,7,about;,,,,
258,374,8,Vibrio cholerae,,,,
259,375,1,Cholera;,,,,
259,375,6,few hours to 5 days,,,,
259,375,7,range from;,,,,
259,375,8,Vibrio cholerae,,,,
260,381,1,typhus ,,,,
260,381,6,1 to 2 weeks; ,,,,
260,381,7,is;,,,,
260,381,8,Rickettsia prowazekii ,,,,
261,382,1,Murine typhus;,,,,
261,382,2,Headache,,,,
261,382,2,Diarrhea,,,,
261,382,2,Vomiting,,,,
261,382,6,6 to 14 days,,,,
261,382,7,of;,,,,
158,383,1,typhus,,,,
158,383,6,1 to 2 weeks,,,,
158,383,7,of;,,,,
158,383,8,Rickettsia,,,,
262,384,1,typhus,,,,
262,384,6,one week,,,,
262,384,7,about;,,,,
262,384,8,R. typhi,,,,
263,385,1,Typhus,,,,
263,385,5,flea control,,,,
263,385,2,Headache,,,,
263,385,2,fever,,,,
263,385,2,nausea,,,,
263,385,6,6 to 14 days,,,,
263,385,7,is;,,,,
57,391,1,malaria,,,,
57,391,6,9 to 14 days,,,,
57,391,6,12 to 18 days,,,,
57,391,6,18 to 40 days,,,,
57,391,6,11 to 12 days,,,,
57,391,7,ranges from;,,,,
57,391,8,Plasmodium (P.) falciparum.,,,,
57,391,8,P. vivax and P. ovale,,,,
57,391,8,P. malariae,,,,
57,391,8,P. knowlesi.,,,,
264,392,1,malaria,,,,
264,392,5,prevent  infective bite by the Anopheles mosquito,,,,
264,392,6,7 to 30 days,,,,
264,392,7,from;,,,,
264,392,8,P. malariae,,,,
365,393,1,malaria,,,,
365,393,6,7 days or longer.,,,,
365,393,7,of;,,,,
365,393,8,Plasmodium,,,,
266,394,1,malaria,,,,
266,394,5,prevent  infective bite by the Anopheles mosquito,,,,
266,394,6,12 to 14 days,,,,
266,394,7,about;,,,,
266,394,8,P. falciparum,,,,
267,395,1,malaria,,,,
267,395,5,prevent infective bite by a mosquito,,,,
267,395,4,Suboptimal suppression with prophylactic drugs,,,,
267,395,6,6–16 days,,,,
267,395,7,generally;,,,,
267,395,8,Plasmodium spp,,,,
188,401,1,Ebola,,,,
188,401,2,blood clotting,,,,
188,401,2,hemorrhaging,,,,
188,401,2,release proteins that dampen down the immune system response,,,,
188,401,8,Ebola virus,,,,
189,402,2,small blood clots,,,,
189,402,2, blood thickens and the blood flow slows down ,,,,
190,403,1,Ebola,,,,
190,403,2,infects the bodyâ€™s dendritic cells,,,,
190,403,7,first,,,,
190,403,8,interferon,,,,
190,404,1,Ebola,,,,
190,404,1,AIDS,,,,
190,404,2,killing off the bodyâ€™s T-lymphocyte cells,,,,
190,404,8,AIDS virus,,,,
191,405,1,Ebola,,,,
191,405,2,necrosis,,,,
191,405,2,liver bulges up and turns yellow,,,,
191,405,2, kidneys becomes jammed with blood clots and dead cells,,,,
191,405,2,blood becomes toxic with urine,,,,
191,406,1,Ebola,,,,
191,406,2,blood clots,,,,
191,406,2,decreased blood flow,,,,
191,406,2,red spots on the skin,,,,
191,406,8,Ebola virus,,,,
191,407,2,virus attacks the connective tissue and reproduces at an extremely fast rate in the collagen,,,,
192,411,1,malaria,,,,
192,411,1,falciparum malaria,,,,
192,411,2,fever and chills,obstruct capillaries and postcapillary venules, leading to local hypoxia and the release of toxic cellular products,of the microcirculation in the brain cerebral malaria,
192,411,8,Cytokines,,,,
193,412,2,impeding the flow of blood to critical organs,,,,
193,413,8,malarial parasite,,,,
193,413,8,infected mosquitoâ€™s bite,,,,
194,414,1,Falciparum malaria,,,,
194,414,2,"blood cells to become very ""sticky.""",,,,
194,414,2,fever,,,,
194,414,2,red blood cells are destroyed,,,,
194,414,2,spleen becomes enlarged,,,,
194,414,2,may be brain damage,,,,
194,414,2,kidneys and liver may fail,,,,
194,414,7,hours of the first symptoms,,,,
195,415,1,Malaria,,,,
195,415,8,Malaria parasites,,,,
195,415,8,mosquito bites,,,,
195,416,1,malaria,,,,
195,416,2,clogging blood vessels and rupturing blood cells,,,,
195,416,8,female mosquito,,,,
195,416,8,malaria parasite,,,,
195,417,1,malaria,,,,
195,417,4,chloroquine Aralen,,,,
195,417,4,quinine and tetracycline,,,,
195,417,4,clindamycin,,,,
195,417,4,mefloquin Lariam,,,,
195,417,4,sulfadoxone/pyrimethamine Fansidar,,,,
195,417,6,three days,seven days,,,
195,417,7,for three days,,,,
195,417,7,for seven days,,,,
196,421,1,endemic typhus,,,,
196,421,2,multisystem vasculitis,,,,
196,421,8,infected louse faeces,,,,
196,421,8,chiggers,,,,
196,421,8,Orientia tsutsugamushi ,,,,
197,422,1,typhus,,,,
197,422,2,severe headache,,,,
197,422,2,nonproductive cough,,,,
197,422,2,nausea,,,,
197,422,2,muscle aches,,,,
197,422,2,chest pain,,,,
197,422,2,extreme fatigue,,,,
197,422,2,rash may appear on the trunk,,,,
197,422,6,4 to 7 days,,,,
197,422,7,around 4 to 7 days,,,,
197,422,8,flea bite,,,,
197,423,1,scrub typhus,,,,
197,423,2,black,,,,
197,423,2, crusted bite,,,,
197,423,2, tender lymph nodes,,,,
197,423,2,eye pain and redness,,,,
197,423,2,short-term rash,,,,
197,424,1,Typhus,,,,
197,424,2,Rash,,,,
197,424,2,Lymph nodes may be enlarged,,,,
197,424,2,signs of delirium or stupor,,,,
197,424,2,constipation,,,,
197,424,2,pneumonia,,,,
197,424,2,kidney damage,,,,
198,425,1,typhoid,enteric fever,,,
198,425,2,sustained and systemic fever,,,,
198,425,2,severe headache,,,,
198,425,2,nausea,,,,
198,425,2,loss of appetite,,,,
198,425,2,constipation or diarrhea,,,,
198,425,2,possible development of meningitis,,,,
198,425,8,S. typhi,,,,
198,426,1,Typhoid Fever,,,,
198,426,8,S. typhi ,,,,
198,427,8,S. typhi ,,,,
199,431,2,secretion of fluid and electrolytes into the lumen of the small intestine,,,,
199,431,8,V cholerae O139,,,,
199,431,8,serogroups,,,,
199,431,8,enterotoxin,,,,
199,432,8,V cholerae O1,,,,
199,432,8,V cholerae O139,,,,
199,433,2,Fluid loss,,,,
199,433,2,severe diarrhea,,,,
199,433,2,loss of bicarbonate,,,,
200,434,1,Cholera infantum,,,,
200,434,2,erythematous inflammation,,,,
200,434,2,catarrh,,,,
200,434,2,excoriations,,,,
200,434,2,ulceration,,,,
200,434,7,during their second summer,,,,
200,435,2,cerebral symptoms,,,,
200,435,7,later stage,,,,
200,435,7,first,,,,
200,436,1,cholera infantum,,,,
200,436,2,cerebral symptoms,,,,
200,436,2,dilated pupils,,,,
200,436,2,hot head,,,,
200,436,2,cold extremities,,,,
200,436,2,drowsiness,,,,
200,436,4,single dose of Belladonna,,,,
200,437,1,cholera infantum,,,,
200,437,2,precursory diarrhÅ“a,,,,
200,437,2,sleepiness,,,,
201,441,2,fever,,,,
201,441,2,diarrhea,,,,
201,441,2,dark or bloody feces,,,,
201,441,2,vomiting blood,,,,
201,441,2,red eyes due to distention and hemorrhage of sclerotic arterioles,,,,
201,441,2,maculopapular rash,,,,
201,441,2,gastrointestinal bleeding from the mouth and rectum,,,,
201,441,2,Internal and external hemorrhage from orifices,,,,
201,441,2,bleeding in the brain can lead to severe depression,,,,
201,441,2, seizures and delirium,,,,
201,441,7,initial,,,,
201,442,1,Ebola,,,,
201,442,2,NO depresses the mitochondrial membrane potential,,,,
201,442,2, causing apoptosis in nearby natural killer cells,,,,
201,442,7,early,,,,
201,442,8,infected macrophages release increased amounts of nitric oxide,,,,
202,443,1,Ebola,,,,
202,443,1,Diarrhea Pharyngitis,,,,
202,443,2,inflammation of the throat,,,,
202,443,2,Conjunctivitis,,,,
202,443,2,abdominal pains,,,,
202,443,2,vomiting,,,,
202,443,7,development stage;,,,,
202,443,8,Ebola virus,,,,
202,447,1,maculopapular rash,,,,
202,445,2,severe damage to the skin,,,,
202,445,2,hemorrhaging,,,,
202,445,2,blood clotting,,,,
202,446,2,connective tissues that are rapidly multiplying in collagen,,,,
202,444,1,Ebola,,,,
202,444,2,renal failure,,,,
202,444,2,loss of blood,,,,
202,444,8,Ebola virus,,,,
150,451,1,Ebola,,,,
150,451,6,Oct. 28,,,,
150,451,7,Today,,,,
150,451,7, earlier this month,,,,
150,451,7, less than a week,,,,
150,451,7, after,,,,
150,452,1,Ebola,,,,
150,452,7,first,,,,
150,452,6,a month,,,,
150,452,7, about a month,,,,
150,452,7, after,,,,
150,452,6,five weeks,,,,
150,452,7, about five weeks,,,,
151,453,2,sudden onset of fever fatigue,,,,
151,453,2, muscle pain,,,,
151,453,2, headache,,,,
151,453,2, sore throat,,,,
151,453,2, vomiting,,,,
151,453,2, rash,,,,
151,453,2, liver function,,,,
151,453,2, both internal and external bleeding,,,,
151,453,2, low white blood cell and platelet counts,,,,
151,453,2, elevated liver enzymes,,,,
151,453,6,2 to 21 days,,,,
151,453,7,first,,,,
152,454,1,Ebola,,,,
152,454,6,one to two weeks,,,,
152,454,6, couple of weeks,,,,
152,454,7,a few week recovery time,,,,
152,454,7, takes one to two weeks,,,,
152,454,7, within a couple of weeks,,,,
152,454,8,Ebola virus,,,,
152,455,1,Ebola,,,,
152,455,7,for weeks,,,,
152,456,1,Ebola,,,,
152,456,2,high fever,,,,
152,456,2, headaches,,,,
152,456,2, weakness,,,,
152,456,6,March,,,,
152,456,7,first,,,,
152,456,7, in late March,,,,
152,457,2,fever,,,,
152,457,2, diarrhea,,,,
152,457,2, vomiting,,,,
152,457,2, bleeding,,,,
152,457,6,10 days,,,,
152,457,6, five days,,,,
152,457,7,With 10 days spent,,,,
152,457,7, for five days,,,,
153,461,1,malaria,,,,
153,461,7,in a week to a month (or longer),,,,
153,461,7, after,,,,
153,461,8,malaria-infected mosquito,,,,
153,461,8, P. falciparum,,,,
153,461,8,P. knowlesi,,,,
153,461,8, P. vivax,,,,
153,461,8, P. malariae,,,,
154,462,1,Malaria,,,,
154,462,4,medicines,,,,
154,462,4,a week to a month,,,,
154,462,4,from;,,,,
273,463,1,malaria,,,,
273,463,5,antimalarial,,,,
273,463,6,several weeks,,,,
273,463,7,for;,,,,
156,464,1,malaria,,,,
156,464,6,couple of days,,,,
156,464,7,within a couple of days,,,,
156,464,8,P. falciparum,,,,
156,464,8, P. malariae,,,,
157,465,1,Malaria,,,,
157,465,2,damage to his kidneys,,,,
157,465,3,blood smear,,,,
157,465,4,antimalarial drugs,,,,
157,465,4, multiple blood products,,,,
157,465,6,six months,,,,
157,465,7,approximately six months,,,,
157,465,8,Plasmodium falciparum,,,,
158,466,1,Malaria,,,,
158,466,8,plasmodium,,,,
158,466,8, mosquito bite,,,,
158,467,1,Malaria,,,,
158,467,8,plasmodium,,,,
158,467,8, Plasmodium falciparum,,,,
158,467,8, Plasmodium vivax,,,,
158,467,8, Plasmodium ovale,,,,
158,467,8, Plasmodium malariae,,,,
159,471,1,typhus,,,,
159,471,4,antibiotics,,,,
159,471,4, Vaccination,,,,
159,471,6,35 days,,,,
159,471,7,of;,,,,
159,472,1,typhus,,,,
159,472,1, Endemic typhus,,,,
159,472,1, scrub typhus,,,,
159,472,6,2 weeks,,,,
159,472,7,last 2 weeks, prolonged recovery time,,,
159,473,2,fatigue,,,,
159,473,2, lack of stamina,,,,
159,473,2, nervous and mental symptoms,,,,
159,473,6,2 weeks,,,,
159,473,7,within 2 weeks,,,,
159,473,7, for several months,,,,
160,474,1,Scrub typhus,,,,
160,474,4,antibiotics,,,,
160,474,4, Chloramphenicol (Chloromycetin,,,,
160,474,4, Fenicol),,,,
160,474,4, tetracycline (Achromycin,,,,
160,474,4, Tetracyn),,,,
160,474,6,one to two days,,,,
160,474,7,first few days,,,,
160,474,7, in the second week,,,,
160,474,7, one to two days after,,,,
161,475,4,antibiotics,,,,
161,475,4, intravenous * (IV) antibiotics and fluids,,,,
161,475,6,1 week,,,,
161,475,7,from 1 week to several weeks, for months,,,
161,476,2,severe headache,,,,
161,476,2, muscle pain,,,,
161,476,2, chills,,,,
161,476,2, fever,,,,
161,476,2, confusion,,,,
161,477,1,jaundice,,,,
161,477,2,yellowing of the skin,,,,
161,477,2, and sometimes the whites of the eyes,,,,
161,477,2, disease of the liver or certain blood disorders,,,,
161,477,8,buildup in the body of bilirubin,,,,
162,481,1,cholera,,,,
162,481,6,three and six days,,,,
162,481,7,between three and six days,,,,
163,482,1,cholera,,,,
163,482,6,3 to 6 days,,,,
163,482,7,in 3 to 6 days,,,,
164,483,1,cholera,,,,
164,483,6,a week,,,,
164,483,7,within a week,,,,
164,483,7, in a week,,,,
165,484,1,cholera,,,,
165,484,6, two weeks,,,,
165,484,7, up to two weeks,,,,
165,485,1,cholera,,,,
165,485,4,prompt fluid and electrolyte replacement,,,,
165,485,6,three to six days, two weeks,,,
165,485,7,Today,,,,
165,485,7, in three to six days,,,,
165,485,7, up to two weeks,,,,
166,486,1,cholera,,,,
166,486,5,establish good sanitation and wastetreatment systems,,,,
166,486,5, boiling water,,,,
166,486,5, eating only well-cooked foods,,,,
166,486,5, peeling fruit and nuts before eating,,,,
166,487,1,cholera,,,,
166,487,8,V. cholerae bacteria,,,,
166,487,8, cholera-causing bacteria,,,,
216,661,1,Epidemic typhus,,,,
216,661,1, typhus,,,,
216,661,2,fever,,,,
216,661,2, headache,,,,
216,661,2, weakness,,,,
216,661,2, muscle aches,,,,
216,661,2, rash,,,,
216,662,1,Scrub typhus,,,,
216,662,2,fever,,,,
216,662,2, headache,,,,
216,662,2, cough,,,,
216,662,2, muscle aches and pains,,,,
216,662,2, abdominalpain,,,,
216,662,2, diarrhea,,,,
216,662,2, encephalitis,,,,
216,662,2, pneumonia,,,,
216,662,2, swelling of the liver and spleen,,,,
217,662,2,gastroenteritis,,,,
217,662,2, diarrhea,,,,
217,662,2, bacteremia,,,,
217,663,1,Cholera,,,,
217,663,8,choleragen,,,,
217,663,8, cholera enterotoxin,,,,
218,664,1,Cholera,,,,
218,664,8,Vibrios,,,,
218,665,1,Cholera,,,,
218,665,8,Vibrio cholerae,,,,
218,667,1,Smallpox (variola),,,,
218,667,8,poxvirus,,,,
279,561,1,Ebola,,,,
279,561,2,Severe headache,,,,
279,561,2,Muscle pain,,,,
279,561,2,Weakness,,,,
279,561,2,Fatigue,,,,
279,561,2,Diarrhea,,,,
279,561,2,Vomiting,,,,
279,561,2,Abdominal (stomach) pain,,,,
279,561,5,Isolate the patient,,,,
279,561,5,Limit the healthcare personnel,,,,
279,561,5,"Follow CDC guidelines for cleaning, disinfecting, and managing waste.",,,,
279,561,6,21 days,,,,
279,561,7,last;,,,,
280,562,1,Ebola,,,,
280,562,2,fever,,,,
280,562,5,stay away from blood or body fluids from a person sick with or who has died from Ebola,,,,
280,562,5,stay away from objects that have been contaminated with the blood or body fluids of a person sick with or who has died from Ebola,,,,
280,562,5,stay away from infected fruit bats and primates (apes and monkeys),,,,
280,562,5,stay away from semen from a man who has recovered from Ebola,,,,
280,562,5,Abdominal (stomach) pain,,,,
280,562,5,Isolate the patient,,,,
280,562,5,Limit the healthcare personnel,,,,
280,562,5,"Follow CDC guidelines for cleaning, disinfecting, and managing waste.",,,,
280,562,6,few days,,,,
280,562,7,only a;,,,,
281,563,1,Ebola,,,,
281,563,2,vomited frequently,,,,
281,563,5,do not have unprotected contact ,,,,
281,563,6,25-Jul,,,,
281,563,7,died;,,,,
282,564,1,Ebola,,,,
282,564,2,fever,,,,
282,564,5,do not visit liberia,,,,
282,564,6,Sept. 28,,,,
282,564,7,on;,,,,
169,565,1,Ebola,,,,
283,565,2,fever,,,,
283,565,6,21 days,,,,
283,565,7,within;,,,,
283,565,5,do not travelled to the epidemic area;,,,,
701,701,2,,,,,
701,701,5,,,,,
701,701,7,,,,,
702,702,2,,,,,
702,702,7,,,,,
702,702,7,,,,,
703,703,5,,,,,
703,703,2,,,,,
703,703,7,,,,,
703,703,6,,,,,
704,704,2,,,,,
704,704,5,,,,,
704,704,7,,,,,
705,705,2,,,,,
705,705,5,,,,,
705,705,7,,,,,
706,706,2,,,,,
706,706,5,,,,,
706,706,7,,,,,
707,707,2,,,,,
707,707,5,,,,,
707,707,7,,,,,
707,707,4,,,,,
708,708,2,,,,,
708,708,5,,,,,
708,708,7,,,,,
709,709,2,,,,,
709,709,5,,,,,
709,709,7,,,,,
710,710,2,,,,,
710,710,5,,,,,
710,710,7,,,,,
711,711,2,,,,,
711,711,5,,,,,
711,711,7,,,,,
712,712,2,,,,,
712,712,5,,,,,
712,712,7,,,,,
713,713,2,,,,,
713,713,5,,,,,
713,713,7,,,,,
714,714,5,,,,,
714,714,2,,,,,
714,714,5,,,,,
714,714,3,,,,,
714,714,5,,,,,
715,715,7,,,,,
715,715,5,,,,,
715,715,2,,,,,
716,716,5,,,,,
716,716,7,,,,,
716,716,5,,,,,
716,716,3,,,,,
717,717,2,,,,,
717,717,5,,,,,
717,717,7,,,,,
718,718,5,,,,,
718,718,2,,,,,
718,718,5,,,,,
719,719,7,,,,,
719,719,2,,,,,
719,719,5,,,,,
720,720,7,,,,,
720,720,2,,,,,
720,720,5,,,,,
721,721,7,,,,,
721,721,2,,,,,
721,721,5,,,,,
722,722,7,,,,,
722,722,5,,,,,
722,722,2,,,,,
723,723,5,,,,,
723,723,7,,,,,
723,723,5,,,,,
724,724,2,,,,,
724,724,5,,,,,
724,724,7,,,,,
725,725,5,,,,,
725,725,2,,,,,
725,725,5,,,,,
726,726,7,,,,,
726,726,5,,,,,
726,726,2,,,,,
727,727,5,,,,,
727,727,7,,,,,
727,727,5,,,,,
728,728,5,,,,,
728,728,2,,,,,
728,728,5,,,,,
729,729,7,,,,,
729,729,2,,,,,
729,729,5,,,,,
729,729,4,,,,,
730,730,7,,,,,
730,730,5,,,,,
730,730,2,,,,,
731,731,5,,,,,
731,731,7,,,,,
731,731,2,,,,,
731,731,2,,,,,
732,732,5,,,,,
732,732,7,,,,,
732,732,2,,,,,
733,733,5,,,,,
733,733,7,,,,,
733,733,5,,,,,
734,734,2,,,,,
734,734,5,,,,,
734,734,7,,,,,
735,735,2,,,,,
735,735,5,,,,,
735,735,7,,,,,
736,736,5,,,,,
736,736,2,,,,,
736,736,5,,,,,
737,737,7,,,,,
737,737,5,,,,,
737,737,2,,,,,
738,738,5,,,,,
738,738,7,,,,,
738,738,2,,,,,
739,739,5,,,,,
739,739,7,,,,,
739,739,2,,,,,
740,740,5,,,,,
740,740,7,,,,,
740,740,2,,,,,
741,741,5,,,,,
741,741,7,,,,,
741,741,2,,,,,
742,742,6,,,,,
742,742,7,,,,,
742,742,2,,,,,
743,743,6,,,,,
743,743,7,,,,,
743,743,2,,,,,
744,744,6,,,,,
744,744,7,,,,,
744,744,7,,,,,
745,745,2,,,,,
745,745,6,,,,,
745,745,6,,,,,
745,745,5,,,,,
746,746,7,,,,,
746,746,2,,,,,
746,746,6,,,,,
747,747,2,,,,,
747,747,7,,,,,
747,747,2,,,,,
748,748,6,,,,,
748,748,6,,,,,
748,748,7,,,,,
749,749,2,,,,,
749,749,6,,,,,
749,749,7,,,,,
750,750,2,,,,,
750,750,6,,,,,
750,750,6,,,,,
751,751,2,,,,,
751,751,7,,,,,
751,751,2,,,,,
752,752,6,,,,,
752,752,6,,,,,
752,752,7,,,,,
753,753,2,,,,,
753,753,6,,,,,
753,753,7,,,,,
754,754,7,,,,,
754,754,7,,,,,
754,754,7,,,,,
755,755,2,,,,,
755,755,6,,,,,
755,755,6,,,,,
756,756,7,,,,,
756,756,2,,,,,
756,756,6,,,,,
757,757,2,,,,,
757,757,2,,,,,
757,757,7,,,,,
757,757,2,,,,,
758,758,2,,,,,
758,758,6,,,,,
758,758,7,,,,,
759,759,2,,,,,
759,759,6,,,,,
759,759,2,,,,,
760,760,6,,,,,
760,760,7,,,,,
760,760,2,,,,,
761,761,6,,,,,
761,761,2,,,,,
761,761,7,,,,,
762,762,2,,,,,
762,762,6,,,,,
762,762,6,,,,,
763,763,7,,,,,
763,763,2,,,,,
763,763,6,,,,,
764,764,7,,,,,
764,764,7,,,,,
764,764,7,,,,,
765,765,2,,,,,
765,765,6,,,,,
765,765,6,,,,,
765,765,4,,,,,
766,766,7,,,,,
766,766,2,,,,,
766,766,6,,,,,
766,766,2,,,,,
767,767,2,,,,,
767,767,7,,,,,
767,767,2,,,,,
768,768,6,,,,,
768,768,6,,,,,
768,768,7,,,,,
769,769,2,,,,,
769,769,6,,,,,
769,769,2,,,,,
770,770,7,,,,,
770,770,2,,,,,
770,770,6,,,,,
771,771,2,,,,,
771,771,7,,,,,
771,771,2,,,,,
772,772,6,,,,,
772,772,6,,,,,
772,772,6,,,,,
773,773,7,,,,,
773,773,2,,,,,
773,773,6,,,,,
774,774,7,,,,,
774,774,2,,,,,
774,774,6,,,,,
775,775,7,,,,,
775,775,2,,,,,
775,775,6,,,,,
776,776,7,,,,,
776,776,7,,,,,
776,776,2,,,,,
777,777,6,,,,,
777,777,2,,,,,
777,777,7,,,,,
778,778,2,,,,,
778,778,6,,,,,
778,778,6,,,,,
779,779,7,,,,,
779,779,2,,,,,
779,779,6,,,,,
780,780,6,,,,,
780,780,7,,,,,
780,780,2,,,,,
780,780,3,,,,,
781,781,6,,,,,
781,781,2,,,,,
781,781,7,,,,,
782,782,2,,,,,
782,782,6,,,,,
782,782,7,,,,,
783,783,2,,,,,
783,783,6,,,,,
783,783,7,,,,,
784,784,7,,,,,
784,784,2,,,,,
784,784,6,,,,,
785,785,6,,,,,
785,785,7,,,,,
785,785,2,,,,,
786,786,6,,,,,
786,786,7,,,,,
786,786,7,,,,,
787,787,2,,,,,
787,787,6,,,,,
787,787,2,,,,,
788,788,7,,,,,
788,788,2,,,,,
788,788,6,,,,,
789,789,2,,,,,
789,789,7,,,,,
789,789,2,,,,,
790,790,6,,,,,
790,790,7,,,,,
790,790,2,,,,,
791,791,6,,,,,
791,791,5,,,,,
791,791,5,,,,,
792,792,2,,,,,
792,792,6,,,,,
792,792,4,,,,,
793,793,2,,,,,
793,793,6,,,,,
793,793,4,,,,,
794,794,2,,,,,
794,794,6,,,,,
794,794,4,,,,,
795,795,6,,,,,
795,795,2,,,,,
795,795,6,,,,,
796,796,4,,,,,
796,796,2,,,,,
796,796,6,,,,,
797,797,4,,,,,
797,797,5,,,,,
797,797,2,,,,,
798,798,6,,,,,
798,798,4,,,,,
798,798,5,,,,,
799,799,2,,,,,
799,799,6,,,,,
799,799,4,,,,,
799,799,1,,,,,
800,800,5,,,,,
800,800,5,,,,,
800,800,2,,,,,
801,801,6,,,,,
801,801,4,,,,,
801,801,6,,,,,
802,802,6,,,,,
802,802,6,,,,,
802,802,2,,,,,
803,803,6,,,,,
803,803,4,,,,,
803,803,5,,,,,
804,804,5,,,,,
804,804,5,,,,,
804,804,2,,,,,
805,805,6,,,,,
805,805,4,,,,,
805,805,5,,,,,
806,806,2,,,,,
806,806,6,,,,,
806,806,4,,,,,
807,807,5,,,,,
807,807,5,,,,,
807,807,2,,,,,
808,808,6,,,,,
808,808,4,,,,,
808,808,6,,,,,
809,809,2,,,,,
809,809,6,,,,,
809,809,4,,,,,
810,810,5,,,,,
810,810,2,,,,,
810,810,6,,,,,
811,811,4,,,,,
811,811,5,,,,,
811,811,5,,,,,
811,811,7,,,,,
811,811,6,,,,,
812,812,6,,,,,
812,812,2,,,,,
812,812,6,,,,,
813,813,4,,,,,
813,813,5,,,,,
813,813,2,,,,,
814,814,6,,,,,
814,814,4,,,,,
814,814,6,,,,,
815,815,2,,,,,
815,815,6,,,,,
815,815,4,,,,,
815,815,5,,,,,
816,816,6,,,,,
816,816,2,,,,,
816,816,6,,,,,
817,817,4,,,,,
817,817,6,,,,,
817,817,2,,,,,
817,817,3,,,,,
818,818,6,,,,,
818,818,4,,,,,
818,818,5,,,,,
819,819,2,,,,,
819,819,6,,,,,
819,819,4,,,,,
820,820,6,,,,,
820,820,2,,,,,
820,820,6,,,,,
821,821,4,,,,,
821,821,6,,,,,
821,821,6,,,,,
822,822,2,,,,,
822,822,6,,,,,
822,822,4,,,,,
823,823,5,,,,,
823,823,2,,,,,
823,823,6,,,,,
823,823,1,,,,,
824,824,4,,,,,
824,824,6,,,,,
824,824,6,,,,,
825,825,2,,,,,
825,825,6,,,,,
825,825,4,,,,,
826,826,6,,,,,
826,826,2,,,,,
826,826,6,,,,,
827,827,4,,,,,
827,827,5,,,,,
827,827,2,,,,,
828,828,6,,,,,
828,828,4,,,,,
828,828,6,,,,,
829,829,2,,,,,
829,829,6,,,,,
829,829,4,,,,,
829,829,4,,,,,
829,829,5,,,,,
830,830,2,,,,,
830,830,6,,,,,
830,830,4,,,,,
1201,1201,1,,,,,
1201,1201,3,,,,,
1201,1201,7,,,,,
1202,1202,1,,,,,
1202,1202,3,,,,,
1202,1202,2,,,,,
1202,1202,7,,,,,
1203,1203,1,,,,,
1203,1203,2,,,,,
1203,1203,3,,,,,
1204,1204,1,,,,,
1204,1204,3,,,,,
1204,1204,7,,,,,
1205,1205,1,,,,,
1205,1205,3,,,,,
1205,1205,7,,,,,
1206,1206,1,,,,,
1206,1206,3,,,,,
1206,1206,7,,,,,
1207,1207,1,,,,,
1207,1207,3,,,,,
1207,1207,7,,,,,
1208,1208,1,,,,,
1208,1208,3,,,,,
1208,1208,6,,,,,
1209,1209,1,,,,,
1209,1209,3,,,,,
1209,1209,8,,,,,
1210,1210,1,,,,,
1210,1210,3,,,,,
1210,1210,7,,,,,
1211,1211,1,,,,,
1211,1211,3,,,,,
1211,1211,8,,,,,
1212,1212,1,,,,,
1212,1212,2,,,,,
1212,1212,3,,,,,
1213,1213,1,,,,,
1213,1213,3,,,,,
1213,1213,4,,,,,
1214,1214,1,,,,,
1214,1214,3,,,,,
1214,1214,4,,,,,
1215,1215,1,,,,,
1215,1215,3,,,,,
1215,1215,7,,,,,
1216,1216,1,,,,,
1216,1216,3,,,,,
1216,1216,7,,,,,
1217,1217,1,,,,,
1217,1217,3,,,,,
1217,1217,7,,,,,
1218,1218,1,,,,,
1218,1218,3,,,,,
1218,1218,7,,,,,
1219,1219,1,,,,,
1219,1219,3,,,,,
1219,1219,8,,,,,
1220,1220,1,,,,,
1220,1220,3,,,,,
1220,1220,4,,,,,
1221,1221,1,,,,,
1221,1221,2,,,,,
1221,1221,3,,,,,
1222,1222,1,,,,,
1222,1222,3,,,,,
1222,1222,8,,,,,
1223,1223,1,,,,,
1223,1223,3,,,,,
1223,1223,7,,,,,
1224,1224,1,,,,,
1224,1224,3,,,,,
1224,1224,8,,,,,
1225,1225,1,,,,,
1225,1225,3,,,,,
1225,1225,5,,,,,
1226,1226,1,,,,,
1226,1226,3,,,,,
1226,1226,8,,,,,
1227,1227,1,,,,,
1227,1227,3,,,,,
1227,1227,7,,,,,
1228,1228,1,,,,,
1228,1228,3,,,,,
1228,1228,8,,,,,
1229,1229,1,,,,,
1229,1229,3,,,,,
1229,1229,8,,,,,
1230,1230,1,,,,,
1230,1230,3,,,,,
1230,1230,8,,,,,
1231,1231,1,,,,,
1231,1231,3,,,,,
1231,1231,8,,,,,
1232,1232,1,,,,,
1232,1232,3,,,,,
1232,1232,7,,,,,
1233,1233,1,,,,,
1233,1233,3,,,,,
1233,1233,8,,,,,
1234,1234,1,,,,,
1234,1234,3,,,,,
1234,1234,7,,,,,
1235,1235,1,,,,,
1235,1235,2,,,,,
1235,1235,3,,,,,
1236,1236,1,,,,,
1236,1236,2,,,,,
1236,1236,3,,,,,
1237,1237,1,,,,,
1237,1237,3,,,,,
1237,1237,7,,,,,
1238,1238,1,,,,,
1238,1238,2,,,,,
1238,1238,3,,,,,
1239,1239,1,,,,,
1239,1239,3,,,,,
1239,1239,7,,,,,
1240,1240,1,,,,,
1240,1240,3,,,,,
1240,1240,7,,,,,
1240,21,2,,,,,
1240,741,3,,,,,
1240,2324,5,,,,,
1240,21,8,,,,,
1240,741,6,,,,,
1240,2324,3,,,,,
1240,21,1,,,,,
1240,741,5,,,,,
1240,2324,4,,,,,
